"period","N","V"
"1482-1549",1,1
"1482-1549",2,2
"1482-1549",3,2
"1482-1549",4,2
"1482-1549",5,3
"1482-1549",6,4
"1482-1549",7,4
"1482-1549",8,4
"1482-1549",9,4
"1482-1549",10,4
"1482-1549",11,5
"1482-1549",12,5
"1482-1549",13,5
"1482-1549",14,5
"1482-1549",15,5
"1482-1549",16,6
"1482-1549",17,7
"1482-1549",18,8
"1482-1549",19,9
"1482-1549",20,10
"1482-1549",21,10
"1482-1549",22,11
"1482-1549",23,12
"1482-1549",24,13
"1482-1549",25,14
"1482-1549",26,15
"1482-1549",27,15
"1482-1549",28,16
"1482-1549",29,17
"1482-1549",30,17
"1482-1549",31,17
"1482-1549",32,17
"1482-1549",33,17
"1482-1549",34,17
"1482-1549",35,17
"1482-1549",36,18
"1482-1549",37,19
"1482-1549",38,20
"1482-1549",39,20
"1482-1549",40,21
"1482-1549",41,21
"1482-1549",42,21
"1482-1549",43,22
"1482-1549",44,23
"1482-1549",45,23
"1482-1549",46,23
"1482-1549",47,23
"1482-1549",48,24
"1482-1549",49,24
"1482-1549",50,24
"1482-1549",51,24
"1482-1549",52,25
"1482-1549",53,25
"1482-1549",54,25
"1482-1549",55,25
"1482-1549",56,26
"1482-1549",57,27
"1482-1549",58,27
"1482-1549",59,28
"1482-1549",60,28
"1482-1549",61,29
"1482-1549",62,29
"1482-1549",63,29
"1482-1549",64,29
"1482-1549",65,29
"1482-1549",66,30
"1482-1549",67,30
"1482-1549",68,30
"1482-1549",69,31
"1482-1549",70,32
"1482-1549",71,33
"1482-1549",72,33
"1482-1549",73,33
"1482-1549",74,34
"1482-1549",75,34
"1482-1549",76,35
"1482-1549",77,35
"1482-1549",78,35
"1482-1549",79,36
"1482-1549",80,36
"1482-1549",81,37
"1482-1549",82,37
"1482-1549",83,37
"1482-1549",84,37
"1482-1549",85,38
"1482-1549",86,38
"1482-1549",87,38
"1482-1549",88,39
"1482-1549",89,39
"1482-1549",90,39
"1482-1549",91,40
"1482-1549",92,40
"1482-1549",93,40
"1482-1549",94,40
"1482-1549",95,41
"1482-1549",96,41
"1482-1549",97,41
"1482-1549",98,42
"1482-1549",99,42
"1482-1549",100,42
"1482-1549",101,43
"1482-1549",102,44
"1482-1549",103,44
"1482-1549",104,44
"1482-1549",105,44
"1482-1549",106,44
"1482-1549",107,44
"1482-1549",108,45
"1482-1549",109,45
"1482-1549",110,46
"1482-1549",111,47
"1482-1549",112,48
"1482-1549",113,49
"1482-1549",114,49
"1482-1549",115,49
"1482-1549",116,49
"1482-1549",117,49
"1482-1549",118,49
"1482-1549",119,49
"1482-1549",120,49
"1482-1549",121,49
"1482-1549",122,49
"1482-1549",123,50
"1482-1549",124,50
"1482-1549",125,50
"1482-1549",126,50
"1482-1549",127,50
"1482-1549",128,50
"1482-1549",129,50
"1482-1549",130,50
"1482-1549",131,50
"1482-1549",132,51
"1482-1549",133,51
"1482-1549",134,52
"1482-1549",135,52
"1482-1549",136,53
"1482-1549",137,53
"1482-1549",138,53
"1482-1549",139,54
"1482-1549",140,55
"1482-1549",141,56
"1482-1549",142,56
"1482-1549",143,57
"1482-1549",144,58
"1482-1549",145,59
"1482-1549",146,60
"1482-1549",147,60
"1482-1549",148,60
"1482-1549",149,60
"1482-1549",150,61
"1482-1549",151,61
"1482-1549",152,61
"1482-1549",153,61
"1482-1549",154,61
"1482-1549",155,61
"1482-1549",156,61
"1482-1549",157,62
"1482-1549",158,62
"1482-1549",159,62
"1482-1549",160,62
"1482-1549",161,62
"1482-1549",162,62
"1482-1549",163,63
"1482-1549",164,63
"1482-1549",165,63
"1482-1549",166,63
"1482-1549",167,63
"1482-1549",168,63
"1482-1549",169,63
"1482-1549",170,63
"1482-1549",171,63
"1482-1549",172,63
"1482-1549",173,64
"1482-1549",174,65
"1482-1549",175,65
"1482-1549",176,65
"1482-1549",177,66
"1482-1549",178,66
"1482-1549",179,67
"1482-1549",180,67
"1482-1549",181,67
"1482-1549",182,67
"1482-1549",183,67
"1482-1549",184,67
"1482-1549",185,67
"1482-1549",186,67
"1482-1549",187,67
"1482-1549",188,68
"1482-1549",189,68
"1482-1549",190,68
"1482-1549",191,69
"1482-1549",192,70
"1482-1549",193,70
"1482-1549",194,70
"1482-1549",195,70
"1482-1549",196,70
"1482-1549",197,70
"1482-1549",198,71
"1482-1549",199,71
"1482-1549",200,71
"1482-1549",201,71
"1482-1549",202,71
"1482-1549",203,71
"1482-1549",204,71
"1482-1549",205,71
"1482-1549",206,72
"1482-1549",207,72
"1482-1549",208,72
"1482-1549",209,72
"1482-1549",210,73
"1482-1549",211,73
"1482-1549",212,74
"1482-1549",213,74
"1482-1549",214,74
"1482-1549",215,74
"1482-1549",216,74
"1482-1549",217,75
"1482-1549",218,75
"1482-1549",219,75
"1482-1549",220,75
"1482-1549",221,75
"1482-1549",222,75
"1482-1549",223,75
"1482-1549",224,75
"1482-1549",225,76
"1482-1549",226,76
"1482-1549",227,76
"1482-1549",228,76
"1482-1549",229,76
"1482-1549",230,76
"1550-1649",1,1
"1550-1649",2,2
"1550-1649",3,3
"1550-1649",4,4
"1550-1649",5,5
"1550-1649",6,5
"1550-1649",7,6
"1550-1649",8,6
"1550-1649",9,7
"1550-1649",10,8
"1550-1649",11,9
"1550-1649",12,9
"1550-1649",13,9
"1550-1649",14,10
"1550-1649",15,10
"1550-1649",16,11
"1550-1649",17,12
"1550-1649",18,13
"1550-1649",19,13
"1550-1649",20,13
"1550-1649",21,14
"1550-1649",22,15
"1550-1649",23,16
"1550-1649",24,17
"1550-1649",25,17
"1550-1649",26,18
"1550-1649",27,18
"1550-1649",28,19
"1550-1649",29,20
"1550-1649",30,20
"1550-1649",31,20
"1550-1649",32,20
"1550-1649",33,21
"1550-1649",34,21
"1550-1649",35,22
"1550-1649",36,22
"1550-1649",37,23
"1550-1649",38,24
"1550-1649",39,24
"1550-1649",40,24
"1550-1649",41,24
"1550-1649",42,24
"1550-1649",43,24
"1550-1649",44,24
"1550-1649",45,25
"1550-1649",46,25
"1550-1649",47,25
"1550-1649",48,25
"1550-1649",49,25
"1550-1649",50,26
"1550-1649",51,26
"1550-1649",52,26
"1550-1649",53,26
"1550-1649",54,26
"1550-1649",55,27
"1550-1649",56,27
"1550-1649",57,27
"1550-1649",58,27
"1550-1649",59,27
"1550-1649",60,27
"1550-1649",61,28
"1550-1649",62,29
"1550-1649",63,29
"1550-1649",64,30
"1550-1649",65,31
"1550-1649",66,32
"1550-1649",67,32
"1550-1649",68,33
"1550-1649",69,33
"1550-1649",70,34
"1550-1649",71,34
"1550-1649",72,34
"1550-1649",73,35
"1550-1649",74,35
"1550-1649",75,36
"1550-1649",76,37
"1550-1649",77,37
"1550-1649",78,37
"1550-1649",79,38
"1550-1649",80,39
"1550-1649",81,40
"1550-1649",82,40
"1550-1649",83,40
"1550-1649",84,40
"1550-1649",85,40
"1550-1649",86,41
"1550-1649",87,41
"1550-1649",88,41
"1550-1649",89,41
"1550-1649",90,41
"1550-1649",91,42
"1550-1649",92,42
"1550-1649",93,42
"1550-1649",94,42
"1550-1649",95,43
"1550-1649",96,43
"1550-1649",97,44
"1550-1649",98,44
"1550-1649",99,45
"1550-1649",100,45
"1550-1649",101,45
"1550-1649",102,45
"1550-1649",103,45
"1550-1649",104,45
"1550-1649",105,45
"1550-1649",106,45
"1550-1649",107,46
"1550-1649",108,47
"1550-1649",109,47
"1550-1649",110,47
"1550-1649",111,48
"1550-1649",112,48
"1550-1649",113,48
"1550-1649",114,48
"1550-1649",115,48
"1550-1649",116,48
"1550-1649",117,48
"1550-1649",118,48
"1550-1649",119,48
"1550-1649",120,48
"1550-1649",121,48
"1550-1649",122,48
"1550-1649",123,48
"1550-1649",124,48
"1550-1649",125,48
"1550-1649",126,48
"1550-1649",127,49
"1550-1649",128,50
"1550-1649",129,51
"1550-1649",130,52
"1550-1649",131,52
"1550-1649",132,53
"1550-1649",133,53
"1550-1649",134,54
"1550-1649",135,54
"1550-1649",136,55
"1550-1649",137,56
"1550-1649",138,57
"1550-1649",139,57
"1550-1649",140,58
"1550-1649",141,58
"1550-1649",142,59
"1550-1649",143,60
"1550-1649",144,60
"1550-1649",145,61
"1550-1649",146,61
"1550-1649",147,62
"1550-1649",148,63
"1550-1649",149,63
"1550-1649",150,63
"1550-1649",151,63
"1550-1649",152,63
"1550-1649",153,64
"1550-1649",154,64
"1550-1649",155,64
"1550-1649",156,64
"1550-1649",157,65
"1550-1649",158,66
"1550-1649",159,66
"1550-1649",160,66
"1550-1649",161,66
"1550-1649",162,66
"1550-1649",163,66
"1550-1649",164,67
"1550-1649",165,67
"1550-1649",166,68
"1550-1649",167,68
"1550-1649",168,68
"1550-1649",169,68
"1550-1649",170,69
"1550-1649",171,69
"1550-1649",172,70
"1550-1649",173,71
"1550-1649",174,71
"1550-1649",175,71
"1550-1649",176,72
"1550-1649",177,72
"1550-1649",178,72
"1550-1649",179,72
"1550-1649",180,72
"1550-1649",181,72
"1550-1649",182,72
"1550-1649",183,73
"1550-1649",184,74
"1550-1649",185,74
"1550-1649",186,74
"1550-1649",187,74
"1550-1649",188,75
"1550-1649",189,75
"1550-1649",190,75
"1550-1649",191,75
"1550-1649",192,75
"1550-1649",193,75
"1550-1649",194,75
"1550-1649",195,75
"1550-1649",196,75
"1550-1649",197,75
"1550-1649",198,75
"1550-1649",199,75
"1550-1649",200,75
"1550-1649",201,75
"1550-1649",202,75
"1550-1649",203,75
"1550-1649",204,75
"1550-1649",205,75
"1550-1649",206,75
"1550-1649",207,75
"1550-1649",208,75
"1550-1649",209,75
"1550-1649",210,75
"1550-1649",211,75
"1650-1749",1,1
"1650-1749",2,2
"1650-1749",3,3
"1650-1749",4,4
"1650-1749",5,5
"1650-1749",6,5
"1650-1749",7,5
"1650-1749",8,6
"1650-1749",9,6
"1650-1749",10,6
"1650-1749",11,6
"1650-1749",12,6
"1650-1749",13,6
"1650-1749",14,7
"1650-1749",15,7
"1650-1749",16,7
"1650-1749",17,8
"1650-1749",18,9
"1650-1749",19,9
"1650-1749",20,10
"1650-1749",21,10
"1650-1749",22,10
"1650-1749",23,10
"1650-1749",24,10
"1650-1749",25,11
"1650-1749",26,12
"1650-1749",27,12
"1650-1749",28,13
"1650-1749",29,13
"1650-1749",30,13
"1650-1749",31,14
"1650-1749",32,15
"1650-1749",33,15
"1650-1749",34,15
"1650-1749",35,15
"1650-1749",36,15
"1650-1749",37,15
"1650-1749",38,15
"1650-1749",39,15
"1650-1749",40,15
"1650-1749",41,15
"1650-1749",42,15
"1650-1749",43,15
"1650-1749",44,16
"1650-1749",45,16
"1650-1749",46,16
"1650-1749",47,17
"1650-1749",48,18
"1650-1749",49,19
"1650-1749",50,20
"1650-1749",51,20
"1650-1749",52,21
"1650-1749",53,22
"1650-1749",54,23
"1650-1749",55,23
"1650-1749",56,23
"1650-1749",57,23
"1650-1749",58,24
"1650-1749",59,25
"1650-1749",60,25
"1650-1749",61,26
"1650-1749",62,27
"1650-1749",63,28
"1650-1749",64,28
"1650-1749",65,29
"1650-1749",66,29
"1650-1749",67,29
"1650-1749",68,29
"1650-1749",69,29
"1650-1749",70,29
"1650-1749",71,29
"1650-1749",72,29
"1650-1749",73,29
"1650-1749",74,29
"1650-1749",75,29
"1650-1749",76,29
"1650-1749",77,29
"1650-1749",78,30
"1650-1749",79,30
"1650-1749",80,30
"1650-1749",81,30
"1650-1749",82,31
"1650-1749",83,31
"1650-1749",84,31
"1650-1749",85,31
"1650-1749",86,31
"1650-1749",87,31
"1650-1749",88,32
"1650-1749",89,32
"1650-1749",90,32
"1650-1749",91,32
"1650-1749",92,32
"1650-1749",93,32
"1650-1749",94,32
"1650-1749",95,32
"1650-1749",96,32
"1650-1749",97,32
"1650-1749",98,32
"1650-1749",99,32
"1650-1749",100,32
"1650-1749",101,32
"1650-1749",102,32
"1650-1749",103,33
"1650-1749",104,33
"1650-1749",105,33
"1650-1749",106,33
"1650-1749",107,33
"1650-1749",108,33
"1650-1749",109,33
"1650-1749",110,33
"1650-1749",111,33
"1650-1749",112,33
"1650-1749",113,33
"1650-1749",114,33
"1650-1749",115,33
"1650-1749",116,33
"1650-1749",117,33
"1650-1749",118,34
"1650-1749",119,34
"1650-1749",120,34
"1650-1749",121,35
"1650-1749",122,35
"1650-1749",123,36
"1650-1749",124,36
"1650-1749",125,36
"1650-1749",126,36
"1650-1749",127,37
"1650-1749",128,38
"1650-1749",129,38
"1650-1749",130,38
"1650-1749",131,39
"1650-1749",132,39
"1650-1749",133,39
"1650-1749",134,40
"1650-1749",135,41
"1650-1749",136,41
"1650-1749",137,41
"1650-1749",138,41
"1650-1749",139,41
"1650-1749",140,41
"1650-1749",141,41
"1650-1749",142,41
"1650-1749",143,41
"1650-1749",144,41
"1650-1749",145,41
"1650-1749",146,41
"1650-1749",147,41
"1650-1749",148,41
"1650-1749",149,41
"1650-1749",150,42
"1650-1749",151,43
"1650-1749",152,43
"1650-1749",153,43
"1650-1749",154,43
"1650-1749",155,44
"1650-1749",156,44
"1650-1749",157,44
"1650-1749",158,44
"1650-1749",159,44
"1650-1749",160,44
"1650-1749",161,44
"1650-1749",162,44
"1650-1749",163,44
"1650-1749",164,44
"1650-1749",165,44
"1650-1749",166,45
"1650-1749",167,46
"1650-1749",168,47
"1650-1749",169,48
"1650-1749",170,48
"1650-1749",171,49
"1650-1749",172,49
"1650-1749",173,49
"1650-1749",174,49
"1650-1749",175,50
"1650-1749",176,51
"1650-1749",177,51
"1650-1749",178,51
"1650-1749",179,52
"1650-1749",180,52
"1650-1749",181,52
"1650-1749",182,52
"1650-1749",183,53
"1650-1749",184,54
"1650-1749",185,54
"1650-1749",186,55
"1650-1749",187,56
"1650-1749",188,57
"1650-1749",189,58
"1650-1749",190,59
"1650-1749",191,60
"1650-1749",192,60
"1650-1749",193,61
"1650-1749",194,62
"1650-1749",195,62
"1650-1749",196,63
"1650-1749",197,64
"1650-1749",198,64
"1650-1749",199,65
"1650-1749",200,66
"1650-1749",201,67
"1650-1749",202,67
"1650-1749",203,68
"1650-1749",204,68
"1650-1749",205,68
"1650-1749",206,68
"1650-1749",207,68
"1650-1749",208,68
"1650-1749",209,68
"1650-1749",210,69
"1650-1749",211,70
"1650-1749",212,70
"1650-1749",213,71
"1650-1749",214,71
"1650-1749",215,72
"1650-1749",216,73
"1650-1749",217,74
"1650-1749",218,74
"1650-1749",219,75
"1650-1749",220,75
"1650-1749",221,75
"1650-1749",222,75
"1650-1749",223,75
"1650-1749",224,75
"1650-1749",225,76
"1650-1749",226,76
"1650-1749",227,76
"1650-1749",228,76
"1650-1749",229,77
"1650-1749",230,78
"1650-1749",231,78
"1650-1749",232,78
"1650-1749",233,78
"1650-1749",234,78
"1650-1749",235,79
"1650-1749",236,79
"1650-1749",237,79
"1650-1749",238,79
"1650-1749",239,79
"1650-1749",240,79
"1650-1749",241,80
"1650-1749",242,81
"1650-1749",243,81
"1650-1749",244,82
"1650-1749",245,82
"1650-1749",246,82
"1650-1749",247,82
"1650-1749",248,82
"1650-1749",249,82
"1650-1749",250,82
"1650-1749",251,82
"1650-1749",252,83
"1650-1749",253,83
"1650-1749",254,83
"1650-1749",255,83
"1750-1849",1,1
"1750-1849",2,2
"1750-1849",3,3
"1750-1849",4,4
"1750-1849",5,5
"1750-1849",6,6
"1750-1849",7,7
"1750-1849",8,8
"1750-1849",9,9
"1750-1849",10,10
"1750-1849",11,11
"1750-1849",12,11
"1750-1849",13,11
"1750-1849",14,12
"1750-1849",15,12
"1750-1849",16,13
"1750-1849",17,13
"1750-1849",18,14
"1750-1849",19,14
"1750-1849",20,14
"1750-1849",21,14
"1750-1849",22,14
"1750-1849",23,15
"1750-1849",24,15
"1750-1849",25,15
"1750-1849",26,16
"1750-1849",27,16
"1750-1849",28,16
"1750-1849",29,16
"1750-1849",30,16
"1750-1849",31,16
"1750-1849",32,17
"1750-1849",33,17
"1750-1849",34,17
"1750-1849",35,17
"1750-1849",36,17
"1750-1849",37,18
"1750-1849",38,18
"1750-1849",39,18
"1750-1849",40,18
"1750-1849",41,18
"1750-1849",42,19
"1750-1849",43,19
"1750-1849",44,20
"1750-1849",45,20
"1750-1849",46,20
"1750-1849",47,20
"1750-1849",48,20
"1750-1849",49,20
"1750-1849",50,20
"1750-1849",51,20
"1750-1849",52,20
"1750-1849",53,20
"1750-1849",54,20
"1750-1849",55,20
"1750-1849",56,20
"1750-1849",57,20
"1750-1849",58,20
"1750-1849",59,20
"1750-1849",60,20
"1750-1849",61,20
"1750-1849",62,21
"1750-1849",63,21
"1750-1849",64,21
"1750-1849",65,21
"1750-1849",66,22
"1750-1849",67,22
"1750-1849",68,22
"1750-1849",69,22
"1750-1849",70,22
"1750-1849",71,23
"1750-1849",72,23
"1750-1849",73,23
"1750-1849",74,23
"1750-1849",75,23
"1750-1849",76,23
"1750-1849",77,23
"1750-1849",78,23
"1750-1849",79,23
"1750-1849",80,23
"1750-1849",81,23
"1750-1849",82,23
"1750-1849",83,23
"1750-1849",84,23
"1750-1849",85,23
"1750-1849",86,23
"1750-1849",87,23
"1750-1849",88,23
"1750-1849",89,23
"1750-1849",90,23
"1750-1849",91,23
"1750-1849",92,23
"1750-1849",93,23
"1750-1849",94,23
"1750-1849",95,23
"1750-1849",96,23
"1750-1849",97,23
"1750-1849",98,23
"1750-1849",99,23
"1750-1849",100,23
"1750-1849",101,23
"1750-1849",102,23
"1750-1849",103,23
"1750-1849",104,23
"1750-1849",105,23
"1750-1849",106,23
"1750-1849",107,24
"1750-1849",108,24
"1750-1849",109,24
"1750-1849",110,24
"1750-1849",111,24
"1750-1849",112,24
"1750-1849",113,24
"1750-1849",114,24
"1750-1849",115,24
"1750-1849",116,24
"1750-1849",117,24
"1750-1849",118,24
"1750-1849",119,24
"1750-1849",120,24
"1750-1849",121,24
"1750-1849",122,24
"1750-1849",123,24
"1750-1849",124,24
"1750-1849",125,24
"1750-1849",126,24
"1750-1849",127,24
"1750-1849",128,24
"1750-1849",129,24
"1750-1849",130,24
"1750-1849",131,24
"1750-1849",132,25
"1750-1849",133,25
"1750-1849",134,25
"1750-1849",135,25
"1750-1849",136,25
"1750-1849",137,26
"1750-1849",138,26
"1750-1849",139,27
"1750-1849",140,27
"1750-1849",141,27
"1750-1849",142,27
"1750-1849",143,27
"1750-1849",144,27
"1750-1849",145,27
"1750-1849",146,27
"1750-1849",147,27
"1750-1849",148,27
"1750-1849",149,27
"1750-1849",150,27
"1750-1849",151,27
"1750-1849",152,27
"1750-1849",153,27
"1750-1849",154,27
"1750-1849",155,27
"1750-1849",156,27
"1750-1849",157,27
"1750-1849",158,27
"1750-1849",159,27
"1750-1849",160,28
"1750-1849",161,29
"1750-1849",162,29
"1750-1849",163,29
"1750-1849",164,29
"1750-1849",165,29
"1750-1849",166,29
"1750-1849",167,29
"1750-1849",168,29
"1750-1849",169,29
"1750-1849",170,29
"1750-1849",171,29
"1750-1849",172,30
"1750-1849",173,30
"1750-1849",174,30
"1750-1849",175,30
"1750-1849",176,30
"1750-1849",177,30
"1750-1849",178,30
"1750-1849",179,30
"1750-1849",180,30
"1750-1849",181,30
"1750-1849",182,30
"1750-1849",183,30
"1750-1849",184,30
"1750-1849",185,30
"1750-1849",186,30
"1750-1849",187,30
"1750-1849",188,30
"1750-1849",189,30
"1750-1849",190,30
"1750-1849",191,30
"1750-1849",192,30
"1750-1849",193,31
"1750-1849",194,31
"1750-1849",195,31
"1750-1849",196,32
"1750-1849",197,32
"1750-1849",198,32
"1750-1849",199,33
"1750-1849",200,34
"1750-1849",201,35
"1750-1849",202,35
"1750-1849",203,36
"1750-1849",204,37
"1750-1849",205,38
"1750-1849",206,39
"1750-1849",207,39
"1750-1849",208,39
"1750-1849",209,40
"1750-1849",210,41
"1750-1849",211,42
"1750-1849",212,43
"1750-1849",213,43
"1750-1849",214,43
"1750-1849",215,44
"1750-1849",216,44
"1750-1849",217,45
"1750-1849",218,45
"1750-1849",219,45
"1750-1849",220,45
"1750-1849",221,45
"1750-1849",222,46
"1750-1849",223,46
"1750-1849",224,46
"1750-1849",225,47
"1750-1849",226,48
"1750-1849",227,48
"1750-1849",228,48
"1750-1849",229,49
"1750-1849",230,49
"1750-1849",231,50
"1750-1849",232,51
"1750-1849",233,52
"1750-1849",234,53
"1750-1849",235,53
"1750-1849",236,54
"1750-1849",237,54
"1750-1849",238,55
"1750-1849",239,56
"1750-1849",240,57
"1750-1849",241,57
"1750-1849",242,58
"1750-1849",243,58
"1750-1849",244,59
"1750-1849",245,59
"1750-1849",246,59
"1750-1849",247,60
"1750-1849",248,60
"1750-1849",249,61
"1750-1849",250,61
"1750-1849",251,61
"1750-1849",252,62
"1750-1849",253,63
"1750-1849",254,63
"1750-1849",255,64
"1750-1849",256,64
"1750-1849",257,65
"1750-1849",258,66
"1750-1849",259,66
"1750-1849",260,66
"1750-1849",261,67
"1750-1849",262,68
"1750-1849",263,68
"1750-1849",264,69
"1750-1849",265,69
"1750-1849",266,69
"1750-1849",267,70
"1750-1849",268,70
"1750-1849",269,71
"1750-1849",270,72
"1750-1849",271,73
"1750-1849",272,74
"1750-1849",273,74
"1750-1849",274,74
"1750-1849",275,74
"1750-1849",276,75
"1750-1849",277,75
"1750-1849",278,76
"1750-1849",279,77
"1750-1849",280,78
"1750-1849",281,79
"1750-1849",282,80
"1750-1849",283,81
"1750-1849",284,82
"1750-1849",285,82
"1750-1849",286,83
"1750-1849",287,84
"1750-1849",288,84
"1750-1849",289,84
"1750-1849",290,84
"1750-1849",291,84
"1750-1849",292,84
"1750-1849",293,85
"1750-1849",294,86
"1750-1849",295,86
"1750-1849",296,86
"1750-1849",297,87
"1750-1849",298,87
"1750-1849",299,87
"1750-1849",300,87
"1750-1849",301,88
"1750-1849",302,88
"1750-1849",303,88
"1750-1849",304,88
"1750-1849",305,88
"1750-1849",306,88
"1750-1849",307,89
"1750-1849",308,89
"1750-1849",309,90
"1750-1849",310,91
"1750-1849",311,91
"1750-1849",312,92
"1750-1849",313,93
"1750-1849",314,94
"1750-1849",315,94
"1750-1849",316,94
"1750-1849",317,94
"1750-1849",318,94
"1750-1849",319,95
"1750-1849",320,95
"1750-1849",321,96
"1750-1849",322,96
"1750-1849",323,97
"1750-1849",324,98
"1750-1849",325,98
"1750-1849",326,99
"1750-1849",327,100
"1750-1849",328,100
"1750-1849",329,100
"1750-1849",330,100
"1750-1849",331,101
"1750-1849",332,101
"1750-1849",333,101
"1750-1849",334,102
"1750-1849",335,103
"1750-1849",336,103
"1750-1849",337,103
"1750-1849",338,103
"1750-1849",339,103
"1750-1849",340,103
"1750-1849",341,103
"1750-1849",342,103
"1750-1849",343,103
"1750-1849",344,104
"1750-1849",345,104
"1750-1849",346,104
"1750-1849",347,104
"1750-1849",348,105
"1750-1849",349,105
"1750-1849",350,105
"1750-1849",351,105
"1750-1849",352,105
"1750-1849",353,105
"1750-1849",354,105
"1750-1849",355,105
"1750-1849",356,105
"1750-1849",357,105
"1750-1849",358,106
"1750-1849",359,106
"1750-1849",360,106
"1750-1849",361,107
"1750-1849",362,107
"1750-1849",363,107
"1750-1849",364,107
"1750-1849",365,107
"1750-1849",366,107
"1750-1849",367,107
"1750-1849",368,108
"1750-1849",369,108
"1750-1849",370,109
"1750-1849",371,109
"1750-1849",372,110
"1750-1849",373,110
"1750-1849",374,111
"1750-1849",375,112
"1750-1849",376,112
"1750-1849",377,112
"1750-1849",378,113
"1750-1849",379,113
"1750-1849",380,113
"1750-1849",381,113
"1750-1849",382,114
"1750-1849",383,114
"1750-1849",384,115
"1750-1849",385,115
"1750-1849",386,115
"1750-1849",387,115
"1750-1849",388,116
"1750-1849",389,117
"1750-1849",390,117
"1750-1849",391,118
"1750-1849",392,118
"1750-1849",393,119
"1750-1849",394,120
"1750-1849",395,121
"1750-1849",396,122
"1750-1849",397,122
"1750-1849",398,122
"1750-1849",399,122
"1750-1849",400,123
"1750-1849",401,123
"1750-1849",402,123
"1750-1849",403,124
"1750-1849",404,124
"1750-1849",405,124
"1750-1849",406,124
"1750-1849",407,124
"1750-1849",408,125
"1750-1849",409,125
"1750-1849",410,125
"1750-1849",411,125
"1750-1849",412,125
"1750-1849",413,126
"1750-1849",414,127
"1750-1849",415,127
"1750-1849",416,128
"1750-1849",417,129
"1750-1849",418,129
"1750-1849",419,129
"1750-1849",420,130
"1750-1849",421,130
"1750-1849",422,130
"1750-1849",423,131
"1750-1849",424,131
"1750-1849",425,131
"1750-1849",426,132
"1750-1849",427,133
"1750-1849",428,133
"1750-1849",429,133
"1750-1849",430,133
"1750-1849",431,133
"1750-1849",432,134
"1750-1849",433,134
"1750-1849",434,134
"1750-1849",435,134
"1750-1849",436,134
"1750-1849",437,135
"1750-1849",438,135
"1750-1849",439,135
"1750-1849",440,135
"1750-1849",441,135
"1750-1849",442,135
"1750-1849",443,135
"1750-1849",444,135
"1750-1849",445,136
"1750-1849",446,136
"1750-1849",447,137
"1750-1849",448,137
"1750-1849",449,138
"1750-1849",450,139
"1750-1849",451,140
"1750-1849",452,141
"1750-1849",453,141
"1750-1849",454,141
"1750-1849",455,141
"1750-1849",456,141
"1750-1849",457,141
"1750-1849",458,141
"1750-1849",459,141
"1750-1849",460,142
"1750-1849",461,143
"1750-1849",462,143
"1750-1849",463,143
"1750-1849",464,143
"1750-1849",465,143
"1750-1849",466,143
"1750-1849",467,144
"1750-1849",468,144
"1750-1849",469,145
"1750-1849",470,145
"1750-1849",471,145
"1750-1849",472,145
"1750-1849",473,146
"1750-1849",474,146
"1750-1849",475,147
"1750-1849",476,147
"1750-1849",477,147
"1750-1849",478,147
"1750-1849",479,147
"1750-1849",480,147
"1750-1849",481,147
"1750-1849",482,147
"1750-1849",483,147
"1750-1849",484,147
"1750-1849",485,147
"1750-1849",486,147
"1750-1849",487,148
"1750-1849",488,148
"1750-1849",489,148
"1750-1849",490,149
"1750-1849",491,149
"1750-1849",492,149
"1750-1849",493,150
"1750-1849",494,150
"1750-1849",495,150
"1750-1849",496,150
"1750-1849",497,150
"1750-1849",498,150
"1750-1849",499,150
"1750-1849",500,151
"1750-1849",501,151
"1750-1849",502,151
"1750-1849",503,152
"1750-1849",504,152
"1750-1849",505,153
"1750-1849",506,153
"1750-1849",507,154
"1750-1849",508,154
"1750-1849",509,154
"1750-1849",510,155
"1750-1849",511,156
"1750-1849",512,156
"1750-1849",513,157
"1750-1849",514,157
"1750-1849",515,157
"1750-1849",516,158
"1750-1849",517,158
"1750-1849",518,158
"1750-1849",519,158
"1750-1849",520,158
"1750-1849",521,159
"1750-1849",522,159
"1750-1849",523,159
"1750-1849",524,159
"1750-1849",525,159
"1750-1849",526,159
"1750-1849",527,159
"1750-1849",528,159
"1750-1849",529,159
"1750-1849",530,159
"1750-1849",531,159
"1750-1849",532,159
"1750-1849",533,159
"1750-1849",534,159
"1750-1849",535,159
"1750-1849",536,159
"1750-1849",537,159
"1750-1849",538,159
"1750-1849",539,159
"1750-1849",540,159
"1750-1849",541,159
"1750-1849",542,159
"1750-1849",543,159
"1750-1849",544,160
"1750-1849",545,160
"1750-1849",546,161
"1750-1849",547,161
"1750-1849",548,161
"1750-1849",549,162
"1750-1849",550,162
"1750-1849",551,162
"1750-1849",552,162
"1750-1849",553,162
"1750-1849",554,162
"1750-1849",555,163
"1750-1849",556,163
"1750-1849",557,164
"1750-1849",558,164
"1750-1849",559,164
"1750-1849",560,164
"1750-1849",561,165
"1750-1849",562,165
"1750-1849",563,165
"1750-1849",564,165
"1750-1849",565,165
"1750-1849",566,165
"1750-1849",567,165
"1750-1849",568,165
"1750-1849",569,165
"1750-1849",570,165
"1750-1849",571,165
"1750-1849",572,166
"1750-1849",573,167
"1750-1849",574,168
"1750-1849",575,168
"1750-1849",576,168
"1750-1849",577,168
"1750-1849",578,168
"1750-1849",579,168
"1750-1849",580,168
"1750-1849",581,168
"1750-1849",582,168
"1750-1849",583,168
"1750-1849",584,168
"1750-1849",585,169
"1750-1849",586,170
"1750-1849",587,170
"1750-1849",588,170
"1750-1849",589,170
"1750-1849",590,171
"1750-1849",591,171
"1750-1849",592,171
"1750-1849",593,171
"1750-1849",594,171
"1750-1849",595,171
"1750-1849",596,171
"1750-1849",597,171
"1750-1849",598,171
"1750-1849",599,172
"1750-1849",600,172
"1750-1849",601,173
"1750-1849",602,173
"1750-1849",603,173
"1750-1849",604,173
"1750-1849",605,173
"1750-1849",606,173
"1750-1849",607,174
"1750-1849",608,174
"1750-1849",609,174
"1750-1849",610,174
"1750-1849",611,174
"1750-1849",612,174
"1750-1849",613,174
"1750-1849",614,174
"1750-1849",615,175
"1750-1849",616,175
"1750-1849",617,175
"1750-1849",618,175
"1750-1849",619,176
"1750-1849",620,177
"1750-1849",621,177
"1750-1849",622,177
"1750-1849",623,177
"1750-1849",624,177
"1750-1849",625,177
"1750-1849",626,177
"1750-1849",627,177
"1750-1849",628,177
"1750-1849",629,178
"1750-1849",630,178
"1750-1849",631,178
"1750-1849",632,178
"1750-1849",633,178
"1750-1849",634,178
"1750-1849",635,178
"1750-1849",636,178
"1750-1849",637,178
"1750-1849",638,178
"1750-1849",639,178
"1750-1849",640,178
"1750-1849",641,178
"1750-1849",642,178
"1750-1849",643,179
"1750-1849",644,179
"1750-1849",645,180
"1750-1849",646,180
"1750-1849",647,180
"1750-1849",648,181
"1750-1849",649,182
"1750-1849",650,183
"1750-1849",651,183
"1750-1849",652,183
"1750-1849",653,184
"1750-1849",654,184
"1750-1849",655,185
"1750-1849",656,185
"1750-1849",657,185
"1750-1849",658,185
"1750-1849",659,185
"1750-1849",660,185
"1750-1849",661,185
"1750-1849",662,185
"1750-1849",663,185
"1750-1849",664,185
"1750-1849",665,185
"1750-1849",666,185
"1750-1849",667,185
"1750-1849",668,185
"1750-1849",669,186
"1750-1849",670,186
"1750-1849",671,186
"1750-1849",672,186
"1750-1849",673,186
"1750-1849",674,186
"1750-1849",675,187
"1750-1849",676,187
"1750-1849",677,187
"1750-1849",678,188
"1750-1849",679,188
"1750-1849",680,189
"1750-1849",681,189
"1750-1849",682,189
"1750-1849",683,189
"1750-1849",684,189
"1750-1849",685,189
"1750-1849",686,189
"1750-1849",687,189
"1750-1849",688,189
"1750-1849",689,189
"1750-1849",690,190
"1750-1849",691,190
"1750-1849",692,190
"1750-1849",693,190
"1750-1849",694,190
"1750-1849",695,190
"1750-1849",696,190
"1750-1849",697,190
"1750-1849",698,190
"1750-1849",699,190
"1750-1849",700,190
"1750-1849",701,190
"1750-1849",702,190
"1750-1849",703,190
"1750-1849",704,190
"1750-1849",705,190
"1750-1849",706,190
"1750-1849",707,190
"1750-1849",708,190
"1750-1849",709,190
"1750-1849",710,190
"1750-1849",711,190
"1750-1849",712,190
"1750-1849",713,191
"1750-1849",714,191
"1750-1849",715,191
"1750-1849",716,191
"1750-1849",717,191
"1750-1849",718,191
"1750-1849",719,191
"1750-1849",720,191
"1750-1849",721,191
"1750-1849",722,191
"1750-1849",723,191
"1750-1849",724,191
"1750-1849",725,191
"1750-1849",726,192
"1750-1849",727,192
"1750-1849",728,192
"1750-1849",729,192
"1750-1849",730,192
"1750-1849",731,193
"1750-1849",732,193
"1750-1849",733,193
"1750-1849",734,193
"1750-1849",735,193
"1750-1849",736,193
"1750-1849",737,193
"1750-1849",738,193
"1750-1849",739,193
"1750-1849",740,194
"1750-1849",741,194
"1750-1849",742,194
"1850-1914",1,1
"1850-1914",2,2
"1850-1914",3,3
"1850-1914",4,4
"1850-1914",5,4
"1850-1914",6,5
"1850-1914",7,5
"1850-1914",8,5
"1850-1914",9,6
"1850-1914",10,6
"1850-1914",11,6
"1850-1914",12,7
"1850-1914",13,8
"1850-1914",14,9
"1850-1914",15,9
"1850-1914",16,10
"1850-1914",17,11
"1850-1914",18,12
"1850-1914",19,12
"1850-1914",20,12
"1850-1914",21,12
"1850-1914",22,13
"1850-1914",23,13
"1850-1914",24,13
"1850-1914",25,13
"1850-1914",26,14
"1850-1914",27,15
"1850-1914",28,16
"1850-1914",29,17
"1850-1914",30,18
"1850-1914",31,19
"1850-1914",32,20
"1850-1914",33,20
"1850-1914",34,21
"1850-1914",35,21
"1850-1914",36,22
"1850-1914",37,22
"1850-1914",38,23
"1850-1914",39,24
"1850-1914",40,25
"1850-1914",41,26
"1850-1914",42,27
"1850-1914",43,27
"1850-1914",44,27
"1850-1914",45,27
"1850-1914",46,27
"1850-1914",47,27
"1850-1914",48,28
"1850-1914",49,29
"1850-1914",50,29
"1850-1914",51,29
"1850-1914",52,29
"1850-1914",53,30
"1850-1914",54,31
"1850-1914",55,31
"1850-1914",56,31
"1850-1914",57,31
"1850-1914",58,32
"1850-1914",59,33
"1850-1914",60,34
"1850-1914",61,34
"1850-1914",62,35
"1850-1914",63,35
"1850-1914",64,35
"1850-1914",65,36
"1850-1914",66,37
"1850-1914",67,37
"1850-1914",68,37
"1850-1914",69,38
"1850-1914",70,38
"1850-1914",71,39
"1850-1914",72,39
"1850-1914",73,39
"1850-1914",74,40
"1850-1914",75,40
"1850-1914",76,41
"1850-1914",77,41
"1850-1914",78,41
"1850-1914",79,42
"1850-1914",80,42
"1850-1914",81,42
"1850-1914",82,42
"1850-1914",83,42
"1850-1914",84,42
"1850-1914",85,42
"1850-1914",86,42
"1850-1914",87,42
"1850-1914",88,42
"1850-1914",89,42
"1850-1914",90,42
"1850-1914",91,42
"1850-1914",92,42
"1850-1914",93,42
"1850-1914",94,42
"1850-1914",95,42
"1850-1914",96,43
"1850-1914",97,43
"1850-1914",98,43
"1850-1914",99,43
"1850-1914",100,43
"1850-1914",101,43
"1850-1914",102,43
"1850-1914",103,43
"1850-1914",104,43
"1850-1914",105,43
"1850-1914",106,43
"1850-1914",107,44
"1850-1914",108,44
"1850-1914",109,44
"1850-1914",110,45
"1850-1914",111,45
"1850-1914",112,46
"1850-1914",113,47
"1850-1914",114,48
"1850-1914",115,49
"1850-1914",116,50
"1850-1914",117,51
"1850-1914",118,51
"1850-1914",119,51
"1850-1914",120,51
"1850-1914",121,51
"1850-1914",122,51
"1850-1914",123,51
"1850-1914",124,52
"1850-1914",125,52
"1850-1914",126,52
"1850-1914",127,52
"1850-1914",128,52
"1850-1914",129,52
"1850-1914",130,52
"1850-1914",131,53
"1850-1914",132,53
"1850-1914",133,53
"1850-1914",134,54
"1850-1914",135,54
"1850-1914",136,54
"1850-1914",137,54
"1850-1914",138,55
"1850-1914",139,55
"1850-1914",140,56
"1850-1914",141,56
"1850-1914",142,57
"1850-1914",143,57
"1850-1914",144,57
"1850-1914",145,57
"1850-1914",146,57
"1850-1914",147,57
"1850-1914",148,57
"1850-1914",149,57
"1850-1914",150,57
"1850-1914",151,57
"1850-1914",152,57
"1850-1914",153,57
"1850-1914",154,57
"1850-1914",155,57
"1850-1914",156,57
"1850-1914",157,57
"1850-1914",158,57
"1850-1914",159,58
"1850-1914",160,58
"1850-1914",161,58
"1850-1914",162,58
"1850-1914",163,59
"1850-1914",164,59
"1850-1914",165,60
"1850-1914",166,60
"1850-1914",167,61
"1850-1914",168,61
"1850-1914",169,61
"1850-1914",170,61
"1850-1914",171,61
"1850-1914",172,61
"1850-1914",173,62
"1850-1914",174,62
"1850-1914",175,62
"1850-1914",176,62
"1850-1914",177,63
"1850-1914",178,63
"1850-1914",179,63
"1850-1914",180,63
"1850-1914",181,63
"1850-1914",182,63
"1850-1914",183,63
"1850-1914",184,63
"1850-1914",185,63
"1850-1914",186,63
"1850-1914",187,63
"1850-1914",188,64
"1850-1914",189,64
"1850-1914",190,64
"1850-1914",191,64
"1850-1914",192,64
"1850-1914",193,64
"1850-1914",194,64
"1850-1914",195,64
"1850-1914",196,64
"1850-1914",197,64
"1850-1914",198,64
"1850-1914",199,64
"1850-1914",200,64
"1850-1914",201,64
"1850-1914",202,64
"1850-1914",203,64
"1850-1914",204,64
"1850-1914",205,64
"1850-1914",206,64
"1850-1914",207,64
"1850-1914",208,64
"1850-1914",209,64
"1850-1914",210,64
"1850-1914",211,64
"1850-1914",212,65
"1850-1914",213,66
"1850-1914",214,66
"1850-1914",215,67
"1850-1914",216,67
"1850-1914",217,67
"1850-1914",218,68
"1850-1914",219,68
"1850-1914",220,68
"1850-1914",221,69
"1850-1914",222,69
"1850-1914",223,69
"1850-1914",224,69
"1850-1914",225,69
"1850-1914",226,69
"1850-1914",227,69
"1850-1914",228,69
"1850-1914",229,69
"1850-1914",230,69
"1850-1914",231,69
"1850-1914",232,70
"1850-1914",233,70
"1850-1914",234,70
"1850-1914",235,70
"1850-1914",236,70
"1850-1914",237,71
"1850-1914",238,71
"1850-1914",239,72
"1850-1914",240,72
"1850-1914",241,72
"1850-1914",242,72
"1850-1914",243,72
"1850-1914",244,72
"1850-1914",245,72
"1850-1914",246,72
"1850-1914",247,72
"1850-1914",248,72
"1850-1914",249,72
"1850-1914",250,72
"1850-1914",251,72
"1850-1914",252,73
"1850-1914",253,73
"1850-1914",254,73
"1850-1914",255,73
"1850-1914",256,73
"1850-1914",257,73
"1850-1914",258,73
"1850-1914",259,73
"1850-1914",260,73
"1850-1914",261,73
"1850-1914",262,73
"1850-1914",263,73
"1850-1914",264,73
"1850-1914",265,73
"1850-1914",266,74
"1850-1914",267,74
"1850-1914",268,74
"1850-1914",269,75
"1850-1914",270,76
"1850-1914",271,76
"1850-1914",272,76
"1850-1914",273,76
"1850-1914",274,76
"1850-1914",275,76
"1850-1914",276,76
"1850-1914",277,76
"1850-1914",278,77
"1850-1914",279,77
"1850-1914",280,77
"1850-1914",281,77
"1850-1914",282,78
"1850-1914",283,79
"1850-1914",284,79
"1850-1914",285,79
"1850-1914",286,80
"1850-1914",287,80
"1850-1914",288,80
"1850-1914",289,80
"1850-1914",290,81
"1850-1914",291,81
"1850-1914",292,81
"1850-1914",293,81
"1850-1914",294,81
"1850-1914",295,81
"1850-1914",296,81
"1850-1914",297,81
"1850-1914",298,81
"1850-1914",299,81
"1850-1914",300,81
"1850-1914",301,82
"1850-1914",302,82
"1850-1914",303,82
"1850-1914",304,82
"1850-1914",305,82
"1850-1914",306,82
"1850-1914",307,82
"1850-1914",308,82
"1850-1914",309,82
"1850-1914",310,82
"1850-1914",311,82
"1850-1914",312,83
"1850-1914",313,84
"1850-1914",314,84
"1850-1914",315,84
"1850-1914",316,84
"1850-1914",317,84
"1850-1914",318,84
"1850-1914",319,84
"1850-1914",320,84
"1850-1914",321,84
"1850-1914",322,84
"1850-1914",323,84
"1850-1914",324,84
"1850-1914",325,84
"1850-1914",326,84
"1850-1914",327,84
"1850-1914",328,84
"1850-1914",329,84
"1850-1914",330,85
"1850-1914",331,85
"1850-1914",332,85
"1850-1914",333,85
"1850-1914",334,85
"1850-1914",335,85
"1850-1914",336,85
"1850-1914",337,85
"1850-1914",338,86
"1850-1914",339,86
"1850-1914",340,86
"1850-1914",341,86
"1850-1914",342,87
"1850-1914",343,87
"1850-1914",344,88
"1850-1914",345,88
"1850-1914",346,89
"1850-1914",347,89
"1850-1914",348,90
"1850-1914",349,91
"1850-1914",350,92
"1850-1914",351,92
"1850-1914",352,92
"1850-1914",353,92
"1850-1914",354,92
"1850-1914",355,92
"1850-1914",356,93
"1850-1914",357,93
"1850-1914",358,93
"1850-1914",359,94
"1850-1914",360,95
"1850-1914",361,96
"1850-1914",362,97
"1850-1914",363,98
"1850-1914",364,98
"1850-1914",365,98
"1850-1914",366,98
"1850-1914",367,99
"1850-1914",368,99
"1850-1914",369,100
"1850-1914",370,100
"1850-1914",371,101
"1850-1914",372,101
"1850-1914",373,101
"1850-1914",374,101
"1850-1914",375,101
"1850-1914",376,101
"1850-1914",377,101
"1850-1914",378,101
"1850-1914",379,101
"1850-1914",380,101
"1850-1914",381,102
"1850-1914",382,103
"1850-1914",383,103
"1850-1914",384,104
"1850-1914",385,104
"1850-1914",386,105
"1850-1914",387,105
"1850-1914",388,106
"1850-1914",389,106
"1850-1914",390,107
"1850-1914",391,108
"1850-1914",392,108
"1850-1914",393,108
"1850-1914",394,108
"1850-1914",395,108
"1850-1914",396,108
"1850-1914",397,109
"1850-1914",398,110
"1850-1914",399,110
"1850-1914",400,110
"1850-1914",401,110
"1850-1914",402,110
"1850-1914",403,111
"1850-1914",404,111
"1850-1914",405,111
"1850-1914",406,111
"1850-1914",407,111
"1850-1914",408,111
"1850-1914",409,112
"1850-1914",410,113
"1850-1914",411,114
"1850-1914",412,115
"1850-1914",413,115
"1850-1914",414,115
"1850-1914",415,115
"1850-1914",416,115
"1850-1914",417,115
"1850-1914",418,115
"1850-1914",419,115
"1850-1914",420,116
"1850-1914",421,116
"1850-1914",422,116
"1850-1914",423,116
"1850-1914",424,116
"1850-1914",425,116
"1850-1914",426,117
"1850-1914",427,118
"1850-1914",428,118
"1850-1914",429,118
"1850-1914",430,118
"1850-1914",431,118
"1850-1914",432,118
"1850-1914",433,118
"1850-1914",434,118
"1850-1914",435,118
"1850-1914",436,118
"1850-1914",437,118
"1850-1914",438,118
"1850-1914",439,118
"1850-1914",440,118
"1850-1914",441,118
"1850-1914",442,119
"1850-1914",443,119
"1850-1914",444,120
"1850-1914",445,120
"1850-1914",446,121
"1850-1914",447,122
"1850-1914",448,122
"1850-1914",449,122
"1850-1914",450,122
"1850-1914",451,122
"1850-1914",452,122
"1850-1914",453,122
"1850-1914",454,123
"1850-1914",455,123
"1850-1914",456,123
"1850-1914",457,123
"1850-1914",458,123
"1850-1914",459,124
"1850-1914",460,124
"1850-1914",461,125
"1850-1914",462,125
"1850-1914",463,126
"1850-1914",464,126
"1850-1914",465,127
"1850-1914",466,127
"1850-1914",467,127
"1850-1914",468,127
"1850-1914",469,127
"1850-1914",470,127
"1850-1914",471,127
"1850-1914",472,127
"1850-1914",473,127
"1850-1914",474,127
"1850-1914",475,128
"1850-1914",476,128
"1850-1914",477,128
"1850-1914",478,128
"1850-1914",479,128
"1850-1914",480,128
"1850-1914",481,128
"1850-1914",482,128
"1850-1914",483,128
"1850-1914",484,128
"1850-1914",485,128
"1850-1914",486,128
"1850-1914",487,128
"1850-1914",488,129
"1850-1914",489,129
"1850-1914",490,130
"1850-1914",491,131
"1850-1914",492,131
"1850-1914",493,132
"1850-1914",494,132
"1850-1914",495,133
"1850-1914",496,133
"1850-1914",497,133
"1850-1914",498,133
"1850-1914",499,133
"1850-1914",500,133
"1850-1914",501,133
"1850-1914",502,133
"1850-1914",503,133
"1850-1914",504,133
"1850-1914",505,133
"1850-1914",506,133
"1850-1914",507,133
"1850-1914",508,133
"1850-1914",509,133
"1850-1914",510,133
"1850-1914",511,133
"1850-1914",512,133
"1850-1914",513,133
"1850-1914",514,134
"1850-1914",515,134
"1850-1914",516,134
"1850-1914",517,134
"1850-1914",518,134
"1850-1914",519,134
"1850-1914",520,135
"1850-1914",521,135
"1850-1914",522,135
"1850-1914",523,136
"1850-1914",524,136
"1850-1914",525,136
"1850-1914",526,136
"1850-1914",527,136
"1850-1914",528,136
"1850-1914",529,137
"1850-1914",530,138
"1850-1914",531,139
"1850-1914",532,139
"1850-1914",533,139
"1850-1914",534,140
"1850-1914",535,140
"1850-1914",536,140
"1850-1914",537,141
"1850-1914",538,141
"1850-1914",539,142
"1850-1914",540,143
"1850-1914",541,143
"1850-1914",542,144
"1850-1914",543,144
"1850-1914",544,145
"1850-1914",545,145
"1850-1914",546,145
"1850-1914",547,145
"1850-1914",548,145
"1850-1914",549,146
"1850-1914",550,146
"1850-1914",551,146
"1850-1914",552,147
"1850-1914",553,147
"1850-1914",554,147
